0, 42.358757, -71.095694, 10
0, 42.359018, -71.094707, 10
0, 42.35993, -71.092572, 10
0, 42.358725, -71.092304, 10
0, 42.359962, -71.08974, 10
0, 42.360588, -71.087455, 10
5, 42.358757, -71.095694, 8
5, 42.359018, -71.094707, 10
5, 42.35993, -71.092572, 14
5, 42.358725, -71.092304, 16
5, 42.359962, -71.08974, 18
5, 42.360588, -71.087455, 10
10, 42.358757, -71.095694, 5
10, 42.359018, -71.094707, 17
10, 42.35993, -71.092572, 2
10, 42.358725, -71.092304, 1
10, 42.359962, -71.08974, 17
10, 42.360588, -71.087455, 18
15, 42.358757, -71.095694, 3
15, 42.359018, -71.094707, 5
15, 42.35993, -71.092572, 9
15, 42.358725, -71.092304, 15
15, 42.359962, -71.08974, 12
15, 42.360588, -71.087455, 6
20, 42.358757, -71.095694, 9
20, 42.359018, -71.094707, 3
20, 42.35993, -71.092572, 11
20, 42.358725, -71.092304, 10
20, 42.359962, -71.08974, 5
20, 42.360588, -71.087455, 10
25, 42.358757, -71.095694, 11
25, 42.359018, -71.094707, 2
25, 42.35993, -71.092572, 14
25, 42.358725, -71.092304, 3
25, 42.359962, -71.08974, 12
25, 42.360588, -71.087455, 6
30, 42.358757, -71.095694, 3
30, 42.359018, -71.094707, 19
30, 42.35993, -71.092572, 14
30, 42.358725, -71.092304, 3
30, 42.359962, -71.08974, 7
30, 42.360588, -71.087455, 2
35, 42.358757, -71.095694, 7
35, 42.359018, -71.094707, 5
35, 42.35993, -71.092572, 9
35, 42.358725, -71.092304, 12
35, 42.359962, -71.08974, 17
35, 42.360588, -71.087455, 17
40, 42.358757, -71.095694, 8
40, 42.359018, -71.094707, 7
40, 42.35993, -71.092572, 17
40, 42.358725, -71.092304, 19
40, 42.359962, -71.08974, 5
40, 42.360588, -71.087455, 11
45, 42.358757, -71.095694, 4
45, 42.359018, -71.094707, 13
45, 42.35993, -71.092572, 11
45, 42.358725, -71.092304, 17
45, 42.359962, -71.08974, 17
45, 42.360588, -71.087455, 13
50, 42.358757, -71.095694, 10
50, 42.359018, -71.094707, 1
50, 42.35993, -71.092572, 18
50, 42.358725, -71.092304, 17
50, 42.359962, -71.08974, 7
50, 42.360588, -71.087455, 8
55, 42.358757, -71.095694, 2
55, 42.359018, -71.094707, 9
55, 42.35993, -71.092572, 5
55, 42.358725, -71.092304, 9
55, 42.359962, -71.08974, 6
55, 42.360588, -71.087455, 4
60, 42.358757, -71.095694, 9
60, 42.359018, -71.094707, 10
60, 42.35993, -71.092572, 19
60, 42.358725, -71.092304, 10
60, 42.359962, -71.08974, 3
60, 42.360588, -71.087455, 20
65, 42.358757, -71.095694, 6
65, 42.359018, -71.094707, 11
65, 42.35993, -71.092572, 1
65, 42.358725, -71.092304, 16
65, 42.359962, -71.08974, 10
65, 42.360588, -71.087455, 9
70, 42.358757, -71.095694, 1
70, 42.359018, -71.094707, 16
70, 42.35993, -71.092572, 1
70, 42.358725, -71.092304, 9
70, 42.359962, -71.08974, 18
70, 42.360588, -71.087455, 17
75, 42.358757, -71.095694, 4
75, 42.359018, -71.094707, 20
75, 42.35993, -71.092572, 9
75, 42.358725, -71.092304, 14
75, 42.359962, -71.08974, 12
75, 42.360588, -71.087455, 16
80, 42.358757, -71.095694, 5
80, 42.359018, -71.094707, 16
80, 42.35993, -71.092572, 18
80, 42.358725, -71.092304, 15
80, 42.359962, -71.08974, 18
80, 42.360588, -71.087455, 9
85, 42.358757, -71.095694, 12
85, 42.359018, -71.094707, 8
85, 42.35993, -71.092572, 20
85, 42.358725, -71.092304, 19
85, 42.359962, -71.08974, 9
85, 42.360588, -71.087455, 4
90, 42.358757, -71.095694, 16
90, 42.359018, -71.094707, 19
90, 42.35993, -71.092572, 4
90, 42.358725, -71.092304, 9
90, 42.359962, -71.08974, 2
90, 42.360588, -71.087455, 18
95, 42.358757, -71.095694, 17
95, 42.359018, -71.094707, 11
95, 42.35993, -71.092572, 13
95, 42.358725, -71.092304, 16
95, 42.359962, -71.08974, 5
95, 42.360588, -71.087455, 2
100, 42.358757, -71.095694, 11
100, 42.359018, -71.094707, 14
100, 42.35993, -71.092572, 10
100, 42.358725, -71.092304, 12
100, 42.359962, -71.08974, 3
100, 42.360588, -71.087455, 2
105, 42.358757, -71.095694, 18
105, 42.359018, -71.094707, 10
105, 42.35993, -71.092572, 13
105, 42.358725, -71.092304, 16
105, 42.359962, -71.08974, 10
105, 42.360588, -71.087455, 14
110, 42.358757, -71.095694, 11
110, 42.359018, -71.094707, 9
110, 42.35993, -71.092572, 7
110, 42.358725, -71.092304, 3
110, 42.359962, -71.08974, 16
110, 42.360588, -71.087455, 13
115, 42.358757, -71.095694, 13
115, 42.359018, -71.094707, 6
115, 42.35993, -71.092572, 3
115, 42.358725, -71.092304, 1
115, 42.359962, -71.08974, 11
115, 42.360588, -71.087455, 6
120, 42.358757, -71.095694, 19
120, 42.359018, -71.094707, 1
120, 42.35993, -71.092572, 3
120, 42.358725, -71.092304, 2
120, 42.359962, -71.08974, 2
120, 42.360588, -71.087455, 4
125, 42.358757, -71.095694, 6
125, 42.359018, -71.094707, 16
125, 42.35993, -71.092572, 20
125, 42.358725, -71.092304, 17
125, 42.359962, -71.08974, 2
125, 42.360588, -71.087455, 13
130, 42.358757, -71.095694, 12
130, 42.359018, -71.094707, 20
130, 42.35993, -71.092572, 11
130, 42.358725, -71.092304, 1
130, 42.359962, -71.08974, 13
130, 42.360588, -71.087455, 9
135, 42.358757, -71.095694, 10
135, 42.359018, -71.094707, 20
135, 42.35993, -71.092572, 5
135, 42.358725, -71.092304, 18
135, 42.359962, -71.08974, 6
135, 42.360588, -71.087455, 18
140, 42.358757, -71.095694, 14
140, 42.359018, -71.094707, 14
140, 42.35993, -71.092572, 2
140, 42.358725, -71.092304, 14
140, 42.359962, -71.08974, 20
140, 42.360588, -71.087455, 3
145, 42.358757, -71.095694, 16
145, 42.359018, -71.094707, 20
145, 42.35993, -71.092572, 19
145, 42.358725, -71.092304, 3
145, 42.359962, -71.08974, 10
145, 42.360588, -71.087455, 17
150, 42.358757, -71.095694, 19
150, 42.359018, -71.094707, 20
150, 42.35993, -71.092572, 12
150, 42.358725, -71.092304, 10
150, 42.359962, -71.08974, 16
150, 42.360588, -71.087455, 19
155, 42.358757, -71.095694, 19
155, 42.359018, -71.094707, 3
155, 42.35993, -71.092572, 3
155, 42.358725, -71.092304, 14
155, 42.359962, -71.08974, 14
155, 42.360588, -71.087455, 12
160, 42.358757, -71.095694, 2
160, 42.359018, -71.094707, 3
160, 42.35993, -71.092572, 4
160, 42.358725, -71.092304, 16
160, 42.359962, -71.08974, 13
160, 42.360588, -71.087455, 17
165, 42.358757, -71.095694, 11
165, 42.359018, -71.094707, 19
165, 42.35993, -71.092572, 14
165, 42.358725, -71.092304, 3
165, 42.359962, -71.08974, 4
165, 42.360588, -71.087455, 12
170, 42.358757, -71.095694, 7
170, 42.359018, -71.094707, 4
170, 42.35993, -71.092572, 3
170, 42.358725, -71.092304, 16
170, 42.359962, -71.08974, 12
170, 42.360588, -71.087455, 18
175, 42.358757, -71.095694, 14
175, 42.359018, -71.094707, 19
175, 42.35993, -71.092572, 7
175, 42.358725, -71.092304, 3
175, 42.359962, -71.08974, 16
175, 42.360588, -71.087455, 6
180, 42.358757, -71.095694, 3
180, 42.359018, -71.094707, 10
180, 42.35993, -71.092572, 19
180, 42.358725, -71.092304, 4
180, 42.359962, -71.08974, 15
180, 42.360588, -71.087455, 16
185, 42.358757, -71.095694, 12
185, 42.359018, -71.094707, 14
185, 42.35993, -71.092572, 12
185, 42.358725, -71.092304, 5
185, 42.359962, -71.08974, 8
185, 42.360588, -71.087455, 6
190, 42.358757, -71.095694, 14
190, 42.359018, -71.094707, 1
190, 42.35993, -71.092572, 19
190, 42.358725, -71.092304, 9
190, 42.359962, -71.08974, 6
190, 42.360588, -71.087455, 11
195, 42.358757, -71.095694, 13
195, 42.359018, -71.094707, 2
195, 42.35993, -71.092572, 9
195, 42.358725, -71.092304, 17
195, 42.359962, -71.08974, 20
195, 42.360588, -71.087455, 13
200, 42.358757, -71.095694, 4
200, 42.359018, -71.094707, 12
200, 42.35993, -71.092572, 12
200, 42.358725, -71.092304, 4
200, 42.359962, -71.08974, 15
200, 42.360588, -71.087455, 10
205, 42.358757, -71.095694, 2
205, 42.359018, -71.094707, 9
205, 42.35993, -71.092572, 2
205, 42.358725, -71.092304, 9
205, 42.359962, -71.08974, 17
205, 42.360588, -71.087455, 19
210, 42.358757, -71.095694, 8
210, 42.359018, -71.094707, 4
210, 42.35993, -71.092572, 9
210, 42.358725, -71.092304, 17
210, 42.359962, -71.08974, 7
210, 42.360588, -71.087455, 5
215, 42.358757, -71.095694, 17
215, 42.359018, -71.094707, 4
215, 42.35993, -71.092572, 16
215, 42.358725, -71.092304, 13
215, 42.359962, -71.08974, 10
215, 42.360588, -71.087455, 3
220, 42.358757, -71.095694, 12
220, 42.359018, -71.094707, 2
220, 42.35993, -71.092572, 11
220, 42.358725, -71.092304, 6
220, 42.359962, -71.08974, 18
220, 42.360588, -71.087455, 12
225, 42.358757, -71.095694, 11
225, 42.359018, -71.094707, 11
225, 42.35993, -71.092572, 4
225, 42.358725, -71.092304, 18
225, 42.359962, -71.08974, 12
225, 42.360588, -71.087455, 6
230, 42.358757, -71.095694, 4
230, 42.359018, -71.094707, 4
230, 42.35993, -71.092572, 15
230, 42.358725, -71.092304, 10
230, 42.359962, -71.08974, 14
230, 42.360588, -71.087455, 11
235, 42.358757, -71.095694, 14
235, 42.359018, -71.094707, 9
235, 42.35993, -71.092572, 5
235, 42.358725, -71.092304, 2
235, 42.359962, -71.08974, 10
235, 42.360588, -71.087455, 19
240, 42.358757, -71.095694, 14
240, 42.359018, -71.094707, 1
240, 42.35993, -71.092572, 15
240, 42.358725, -71.092304, 3
240, 42.359962, -71.08974, 1
240, 42.360588, -71.087455, 6
245, 42.358757, -71.095694, 10
245, 42.359018, -71.094707, 14
245, 42.35993, -71.092572, 15
245, 42.358725, -71.092304, 17
245, 42.359962, -71.08974, 4
245, 42.360588, -71.087455, 16
250, 42.358757, -71.095694, 13
250, 42.359018, -71.094707, 9
250, 42.35993, -71.092572, 17
250, 42.358725, -71.092304, 17
250, 42.359962, -71.08974, 2
250, 42.360588, -71.087455, 2
255, 42.358757, -71.095694, 20
255, 42.359018, -71.094707, 16
255, 42.35993, -71.092572, 15
255, 42.358725, -71.092304, 20
255, 42.359962, -71.08974, 9
255, 42.360588, -71.087455, 14
260, 42.358757, -71.095694, 8
260, 42.359018, -71.094707, 2
260, 42.35993, -71.092572, 15
260, 42.358725, -71.092304, 10
260, 42.359962, -71.08974, 17
260, 42.360588, -71.087455, 14
265, 42.358757, -71.095694, 4
265, 42.359018, -71.094707, 15
265, 42.35993, -71.092572, 5
265, 42.358725, -71.092304, 13
265, 42.359962, -71.08974, 19
265, 42.360588, -71.087455, 9
270, 42.358757, -71.095694, 16
270, 42.359018, -71.094707, 18
270, 42.35993, -71.092572, 2
270, 42.358725, -71.092304, 1
270, 42.359962, -71.08974, 5
270, 42.360588, -71.087455, 5
275, 42.358757, -71.095694, 10
275, 42.359018, -71.094707, 3
275, 42.35993, -71.092572, 12
275, 42.358725, -71.092304, 14
275, 42.359962, -71.08974, 9
275, 42.360588, -71.087455, 8
280, 42.358757, -71.095694, 12
280, 42.359018, -71.094707, 7
280, 42.35993, -71.092572, 4
280, 42.358725, -71.092304, 12
280, 42.359962, -71.08974, 3
280, 42.360588, -71.087455, 7
285, 42.358757, -71.095694, 1
285, 42.359018, -71.094707, 11
285, 42.35993, -71.092572, 20
285, 42.358725, -71.092304, 8
285, 42.359962, -71.08974, 10
285, 42.360588, -71.087455, 9
290, 42.358757, -71.095694, 6
290, 42.359018, -71.094707, 20
290, 42.35993, -71.092572, 6
290, 42.358725, -71.092304, 4
290, 42.359962, -71.08974, 18
290, 42.360588, -71.087455, 20
295, 42.358757, -71.095694, 12
295, 42.359018, -71.094707, 18
295, 42.35993, -71.092572, 1
295, 42.358725, -71.092304, 9
295, 42.359962, -71.08974, 10
295, 42.360588, -71.087455, 12
300, 42.358757, -71.095694, 13
300, 42.359018, -71.094707, 6
300, 42.35993, -71.092572, 1
300, 42.358725, -71.092304, 18
300, 42.359962, -71.08974, 11
300, 42.360588, -71.087455, 19
305, 42.358757, -71.095694, 15
305, 42.359018, -71.094707, 4
305, 42.35993, -71.092572, 5
305, 42.358725, -71.092304, 20
305, 42.359962, -71.08974, 9
305, 42.360588, -71.087455, 13
310, 42.358757, -71.095694, 3
310, 42.359018, -71.094707, 4
310, 42.35993, -71.092572, 12
310, 42.358725, -71.092304, 16
310, 42.359962, -71.08974, 13
310, 42.360588, -71.087455, 1
315, 42.358757, -71.095694, 13
315, 42.359018, -71.094707, 1
315, 42.35993, -71.092572, 13
315, 42.358725, -71.092304, 20
315, 42.359962, -71.08974, 5
315, 42.360588, -71.087455, 18
320, 42.358757, -71.095694, 8
320, 42.359018, -71.094707, 17
320, 42.35993, -71.092572, 17
320, 42.358725, -71.092304, 18
320, 42.359962, -71.08974, 9
320, 42.360588, -71.087455, 13
325, 42.358757, -71.095694, 18
325, 42.359018, -71.094707, 9
325, 42.35993, -71.092572, 8
325, 42.358725, -71.092304, 2
325, 42.359962, -71.08974, 16
325, 42.360588, -71.087455, 16
330, 42.358757, -71.095694, 3
330, 42.359018, -71.094707, 9
330, 42.35993, -71.092572, 5
330, 42.358725, -71.092304, 12
330, 42.359962, -71.08974, 2
330, 42.360588, -71.087455, 11
335, 42.358757, -71.095694, 8
335, 42.359018, -71.094707, 9
335, 42.35993, -71.092572, 20
335, 42.358725, -71.092304, 6
335, 42.359962, -71.08974, 14
335, 42.360588, -71.087455, 18
340, 42.358757, -71.095694, 5
340, 42.359018, -71.094707, 11
340, 42.35993, -71.092572, 2
340, 42.358725, -71.092304, 12
340, 42.359962, -71.08974, 3
340, 42.360588, -71.087455, 15
345, 42.358757, -71.095694, 1
345, 42.359018, -71.094707, 2
345, 42.35993, -71.092572, 17
345, 42.358725, -71.092304, 17
345, 42.359962, -71.08974, 1
345, 42.360588, -71.087455, 5
350, 42.358757, -71.095694, 9
350, 42.359018, -71.094707, 1
350, 42.35993, -71.092572, 10
350, 42.358725, -71.092304, 17
350, 42.359962, -71.08974, 19
350, 42.360588, -71.087455, 13
355, 42.358757, -71.095694, 17
355, 42.359018, -71.094707, 1
355, 42.35993, -71.092572, 1
355, 42.358725, -71.092304, 18
355, 42.359962, -71.08974, 11
355, 42.360588, -71.087455, 4
360, 42.358757, -71.095694, 19
360, 42.359018, -71.094707, 17
360, 42.35993, -71.092572, 17
360, 42.358725, -71.092304, 17
360, 42.359962, -71.08974, 19
360, 42.360588, -71.087455, 11
365, 42.358757, -71.095694, 14
365, 42.359018, -71.094707, 13
365, 42.35993, -71.092572, 14
365, 42.358725, -71.092304, 6
365, 42.359962, -71.08974, 13
365, 42.360588, -71.087455, 13
370, 42.358757, -71.095694, 2
370, 42.359018, -71.094707, 8
370, 42.35993, -71.092572, 16
370, 42.358725, -71.092304, 17
370, 42.359962, -71.08974, 3
370, 42.360588, -71.087455, 15
375, 42.358757, -71.095694, 17
375, 42.359018, -71.094707, 19
375, 42.35993, -71.092572, 15
375, 42.358725, -71.092304, 8
375, 42.359962, -71.08974, 11
375, 42.360588, -71.087455, 9
380, 42.358757, -71.095694, 9
380, 42.359018, -71.094707, 1
380, 42.35993, -71.092572, 13
380, 42.358725, -71.092304, 8
380, 42.359962, -71.08974, 1
380, 42.360588, -71.087455, 5
385, 42.358757, -71.095694, 4
385, 42.359018, -71.094707, 6
385, 42.35993, -71.092572, 17
385, 42.358725, -71.092304, 15
385, 42.359962, -71.08974, 18
385, 42.360588, -71.087455, 6
390, 42.358757, -71.095694, 5
390, 42.359018, -71.094707, 9
390, 42.35993, -71.092572, 5
390, 42.358725, -71.092304, 16
390, 42.359962, -71.08974, 3
390, 42.360588, -71.087455, 12
395, 42.358757, -71.095694, 10
395, 42.359018, -71.094707, 20
395, 42.35993, -71.092572, 20
395, 42.358725, -71.092304, 9
395, 42.359962, -71.08974, 4
395, 42.360588, -71.087455, 20
400, 42.358757, -71.095694, 18
400, 42.359018, -71.094707, 10
400, 42.35993, -71.092572, 17
400, 42.358725, -71.092304, 10
400, 42.359962, -71.08974, 16
400, 42.360588, -71.087455, 1
405, 42.358757, -71.095694, 20
405, 42.359018, -71.094707, 19
405, 42.35993, -71.092572, 17
405, 42.358725, -71.092304, 18
405, 42.359962, -71.08974, 13
405, 42.360588, -71.087455, 10
410, 42.358757, -71.095694, 6
410, 42.359018, -71.094707, 11
410, 42.35993, -71.092572, 5
410, 42.358725, -71.092304, 8
410, 42.359962, -71.08974, 5
410, 42.360588, -71.087455, 5
415, 42.358757, -71.095694, 20
415, 42.359018, -71.094707, 2
415, 42.35993, -71.092572, 4
415, 42.358725, -71.092304, 13
415, 42.359962, -71.08974, 10
415, 42.360588, -71.087455, 8
420, 42.358757, -71.095694, 7
420, 42.359018, -71.094707, 13
420, 42.35993, -71.092572, 6
420, 42.358725, -71.092304, 8
420, 42.359962, -71.08974, 20
420, 42.360588, -71.087455, 20
425, 42.358757, -71.095694, 13
425, 42.359018, -71.094707, 12
425, 42.35993, -71.092572, 9
425, 42.358725, -71.092304, 16
425, 42.359962, -71.08974, 2
425, 42.360588, -71.087455, 8
430, 42.358757, -71.095694, 11
430, 42.359018, -71.094707, 13
430, 42.35993, -71.092572, 6
430, 42.358725, -71.092304, 14
430, 42.359962, -71.08974, 15
430, 42.360588, -71.087455, 9
435, 42.358757, -71.095694, 17
435, 42.359018, -71.094707, 8
435, 42.35993, -71.092572, 18
435, 42.358725, -71.092304, 16
435, 42.359962, -71.08974, 5
435, 42.360588, -71.087455, 12
440, 42.358757, -71.095694, 14
440, 42.359018, -71.094707, 11
440, 42.35993, -71.092572, 15
440, 42.358725, -71.092304, 15
440, 42.359962, -71.08974, 14
440, 42.360588, -71.087455, 2
445, 42.358757, -71.095694, 5
445, 42.359018, -71.094707, 8
445, 42.35993, -71.092572, 5
445, 42.358725, -71.092304, 3
445, 42.359962, -71.08974, 16
445, 42.360588, -71.087455, 17
450, 42.358757, -71.095694, 3
450, 42.359018, -71.094707, 20
450, 42.35993, -71.092572, 5
450, 42.358725, -71.092304, 11
450, 42.359962, -71.08974, 12
450, 42.360588, -71.087455, 10
455, 42.358757, -71.095694, 10
455, 42.359018, -71.094707, 20
455, 42.35993, -71.092572, 15
455, 42.358725, -71.092304, 8
455, 42.359962, -71.08974, 17
455, 42.360588, -71.087455, 10
460, 42.358757, -71.095694, 17
460, 42.359018, -71.094707, 8
460, 42.35993, -71.092572, 4
460, 42.358725, -71.092304, 4
460, 42.359962, -71.08974, 8
460, 42.360588, -71.087455, 20
465, 42.358757, -71.095694, 20
465, 42.359018, -71.094707, 16
465, 42.35993, -71.092572, 14
465, 42.358725, -71.092304, 7
465, 42.359962, -71.08974, 12
465, 42.360588, -71.087455, 14
470, 42.358757, -71.095694, 9
470, 42.359018, -71.094707, 7
470, 42.35993, -71.092572, 20
470, 42.358725, -71.092304, 14
470, 42.359962, -71.08974, 9
470, 42.360588, -71.087455, 5
475, 42.358757, -71.095694, 10
475, 42.359018, -71.094707, 2
475, 42.35993, -71.092572, 16
475, 42.358725, -71.092304, 2
475, 42.359962, -71.08974, 10
475, 42.360588, -71.087455, 7
480, 42.358757, -71.095694, 12
480, 42.359018, -71.094707, 14
480, 42.35993, -71.092572, 19
480, 42.358725, -71.092304, 18
480, 42.359962, -71.08974, 8
480, 42.360588, -71.087455, 4
485, 42.358757, -71.095694, 19
485, 42.359018, -71.094707, 3
485, 42.35993, -71.092572, 8
485, 42.358725, -71.092304, 12
485, 42.359962, -71.08974, 11
485, 42.360588, -71.087455, 16
490, 42.358757, -71.095694, 3
490, 42.359018, -71.094707, 6
490, 42.35993, -71.092572, 2
490, 42.358725, -71.092304, 11
490, 42.359962, -71.08974, 14
490, 42.360588, -71.087455, 19
495, 42.358757, -71.095694, 1
495, 42.359018, -71.094707, 6
495, 42.35993, -71.092572, 8
495, 42.358725, -71.092304, 6
495, 42.359962, -71.08974, 18
495, 42.360588, -71.087455, 2
500, 42.358757, -71.095694, 9
500, 42.359018, -71.094707, 17
500, 42.35993, -71.092572, 7
500, 42.358725, -71.092304, 1
500, 42.359962, -71.08974, 2
500, 42.360588, -71.087455, 7
505, 42.358757, -71.095694, 13
505, 42.359018, -71.094707, 20
505, 42.35993, -71.092572, 2
505, 42.358725, -71.092304, 13
505, 42.359962, -71.08974, 14
505, 42.360588, -71.087455, 12
510, 42.358757, -71.095694, 14
510, 42.359018, -71.094707, 11
510, 42.35993, -71.092572, 17
510, 42.358725, -71.092304, 19
510, 42.359962, -71.08974, 11
510, 42.360588, -71.087455, 2
515, 42.358757, -71.095694, 3
515, 42.359018, -71.094707, 16
515, 42.35993, -71.092572, 14
515, 42.358725, -71.092304, 14
515, 42.359962, -71.08974, 16
515, 42.360588, -71.087455, 5
520, 42.358757, -71.095694, 2
520, 42.359018, -71.094707, 12
520, 42.35993, -71.092572, 16
520, 42.358725, -71.092304, 8
520, 42.359962, -71.08974, 5
520, 42.360588, -71.087455, 1
525, 42.358757, -71.095694, 7
525, 42.359018, -71.094707, 1
525, 42.35993, -71.092572, 9
525, 42.358725, -71.092304, 19
525, 42.359962, -71.08974, 20
525, 42.360588, -71.087455, 7
530, 42.358757, -71.095694, 7
530, 42.359018, -71.094707, 2
530, 42.35993, -71.092572, 4
530, 42.358725, -71.092304, 1
530, 42.359962, -71.08974, 11
530, 42.360588, -71.087455, 7
535, 42.358757, -71.095694, 12
535, 42.359018, -71.094707, 3
535, 42.35993, -71.092572, 16
535, 42.358725, -71.092304, 13
535, 42.359962, -71.08974, 7
535, 42.360588, -71.087455, 9
540, 42.358757, -71.095694, 14
540, 42.359018, -71.094707, 1
540, 42.35993, -71.092572, 14
540, 42.358725, -71.092304, 4
540, 42.359962, -71.08974, 1
540, 42.360588, -71.087455, 9
545, 42.358757, -71.095694, 16
545, 42.359018, -71.094707, 16
545, 42.35993, -71.092572, 19
545, 42.358725, -71.092304, 19
545, 42.359962, -71.08974, 4
545, 42.360588, -71.087455, 4
550, 42.358757, -71.095694, 4
550, 42.359018, -71.094707, 4
550, 42.35993, -71.092572, 8
550, 42.358725, -71.092304, 19
550, 42.359962, -71.08974, 8
550, 42.360588, -71.087455, 11
555, 42.358757, -71.095694, 2
555, 42.359018, -71.094707, 6
555, 42.35993, -71.092572, 15
555, 42.358725, -71.092304, 7
555, 42.359962, -71.08974, 8
555, 42.360588, -71.087455, 13
560, 42.358757, -71.095694, 9
560, 42.359018, -71.094707, 20
560, 42.35993, -71.092572, 16
560, 42.358725, -71.092304, 11
560, 42.359962, -71.08974, 13
560, 42.360588, -71.087455, 12
565, 42.358757, -71.095694, 2
565, 42.359018, -71.094707, 9
565, 42.35993, -71.092572, 18
565, 42.358725, -71.092304, 10
565, 42.359962, -71.08974, 13
565, 42.360588, -71.087455, 15
570, 42.358757, -71.095694, 7
570, 42.359018, -71.094707, 10
570, 42.35993, -71.092572, 18
570, 42.358725, -71.092304, 14
570, 42.359962, -71.08974, 15
570, 42.360588, -71.087455, 18
575, 42.358757, -71.095694, 12
575, 42.359018, -71.094707, 16
575, 42.35993, -71.092572, 19
575, 42.358725, -71.092304, 2
575, 42.359962, -71.08974, 14
575, 42.360588, -71.087455, 13
580, 42.358757, -71.095694, 18
580, 42.359018, -71.094707, 8
580, 42.35993, -71.092572, 16
580, 42.358725, -71.092304, 18
580, 42.359962, -71.08974, 14
580, 42.360588, -71.087455, 12
585, 42.358757, -71.095694, 12
585, 42.359018, -71.094707, 16
585, 42.35993, -71.092572, 14
585, 42.358725, -71.092304, 7
585, 42.359962, -71.08974, 5
585, 42.360588, -71.087455, 18
590, 42.358757, -71.095694, 2
590, 42.359018, -71.094707, 16
590, 42.35993, -71.092572, 4
590, 42.358725, -71.092304, 8
590, 42.359962, -71.08974, 10
590, 42.360588, -71.087455, 13
595, 42.358757, -71.095694, 6
595, 42.359018, -71.094707, 19
595, 42.35993, -71.092572, 12
595, 42.358725, -71.092304, 12
595, 42.359962, -71.08974, 4
595, 42.360588, -71.087455, 16
600, 42.358757, -71.095694, 3
600, 42.359018, -71.094707, 16
600, 42.35993, -71.092572, 16
600, 42.358725, -71.092304, 3
600, 42.359962, -71.08974, 11
600, 42.360588, -71.087455, 10
605, 42.358757, -71.095694, 7
605, 42.359018, -71.094707, 5
605, 42.35993, -71.092572, 14
605, 42.358725, -71.092304, 5
605, 42.359962, -71.08974, 11
605, 42.360588, -71.087455, 3
610, 42.358757, -71.095694, 20
610, 42.359018, -71.094707, 15
610, 42.35993, -71.092572, 18
610, 42.358725, -71.092304, 10
610, 42.359962, -71.08974, 12
610, 42.360588, -71.087455, 6
615, 42.358757, -71.095694, 12
615, 42.359018, -71.094707, 2
615, 42.35993, -71.092572, 2
615, 42.358725, -71.092304, 12
615, 42.359962, -71.08974, 13
615, 42.360588, -71.087455, 18
620, 42.358757, -71.095694, 7
620, 42.359018, -71.094707, 13
620, 42.35993, -71.092572, 12
620, 42.358725, -71.092304, 20
620, 42.359962, -71.08974, 17
620, 42.360588, -71.087455, 3
625, 42.358757, -71.095694, 7
625, 42.359018, -71.094707, 13
625, 42.35993, -71.092572, 16
625, 42.358725, -71.092304, 3
625, 42.359962, -71.08974, 17
625, 42.360588, -71.087455, 10
630, 42.358757, -71.095694, 1
630, 42.359018, -71.094707, 12
630, 42.35993, -71.092572, 15
630, 42.358725, -71.092304, 6
630, 42.359962, -71.08974, 1
630, 42.360588, -71.087455, 6
635, 42.358757, -71.095694, 10
635, 42.359018, -71.094707, 17
635, 42.35993, -71.092572, 2
635, 42.358725, -71.092304, 19
635, 42.359962, -71.08974, 20
635, 42.360588, -71.087455, 11
640, 42.358757, -71.095694, 14
640, 42.359018, -71.094707, 10
640, 42.35993, -71.092572, 19
640, 42.358725, -71.092304, 8
640, 42.359962, -71.08974, 5
640, 42.360588, -71.087455, 12
645, 42.358757, -71.095694, 17
645, 42.359018, -71.094707, 1
645, 42.35993, -71.092572, 3
645, 42.358725, -71.092304, 2
645, 42.359962, -71.08974, 3
645, 42.360588, -71.087455, 8
650, 42.358757, -71.095694, 9
650, 42.359018, -71.094707, 9
650, 42.35993, -71.092572, 14
650, 42.358725, -71.092304, 9
650, 42.359962, -71.08974, 6
650, 42.360588, -71.087455, 15
655, 42.358757, -71.095694, 5
655, 42.359018, -71.094707, 17
655, 42.35993, -71.092572, 5
655, 42.358725, -71.092304, 2
655, 42.359962, -71.08974, 5
655, 42.360588, -71.087455, 13
660, 42.358757, -71.095694, 10
660, 42.359018, -71.094707, 13
660, 42.35993, -71.092572, 9
660, 42.358725, -71.092304, 14
660, 42.359962, -71.08974, 8
660, 42.360588, -71.087455, 12
665, 42.358757, -71.095694, 1
665, 42.359018, -71.094707, 16
665, 42.35993, -71.092572, 19
665, 42.358725, -71.092304, 8
665, 42.359962, -71.08974, 10
665, 42.360588, -71.087455, 18
670, 42.358757, -71.095694, 3
670, 42.359018, -71.094707, 9
670, 42.35993, -71.092572, 6
670, 42.358725, -71.092304, 1
670, 42.359962, -71.08974, 20
670, 42.360588, -71.087455, 8
675, 42.358757, -71.095694, 8
675, 42.359018, -71.094707, 16
675, 42.35993, -71.092572, 7
675, 42.358725, -71.092304, 3
675, 42.359962, -71.08974, 8
675, 42.360588, -71.087455, 3
680, 42.358757, -71.095694, 1
680, 42.359018, -71.094707, 15
680, 42.35993, -71.092572, 12
680, 42.358725, -71.092304, 8
680, 42.359962, -71.08974, 15
680, 42.360588, -71.087455, 17
685, 42.358757, -71.095694, 20
685, 42.359018, -71.094707, 1
685, 42.35993, -71.092572, 10
685, 42.358725, -71.092304, 8
685, 42.359962, -71.08974, 5
685, 42.360588, -71.087455, 14
690, 42.358757, -71.095694, 3
690, 42.359018, -71.094707, 2
690, 42.35993, -71.092572, 1
690, 42.358725, -71.092304, 4
690, 42.359962, -71.08974, 17
690, 42.360588, -71.087455, 18
695, 42.358757, -71.095694, 6
695, 42.359018, -71.094707, 6
695, 42.35993, -71.092572, 9
695, 42.358725, -71.092304, 3
695, 42.359962, -71.08974, 6
695, 42.360588, -71.087455, 5
700, 42.358757, -71.095694, 1
700, 42.359018, -71.094707, 18
700, 42.35993, -71.092572, 12
700, 42.358725, -71.092304, 15
700, 42.359962, -71.08974, 11
700, 42.360588, -71.087455, 7
705, 42.358757, -71.095694, 9
705, 42.359018, -71.094707, 8
705, 42.35993, -71.092572, 5
705, 42.358725, -71.092304, 8
705, 42.359962, -71.08974, 9
705, 42.360588, -71.087455, 19
710, 42.358757, -71.095694, 8
710, 42.359018, -71.094707, 11
710, 42.35993, -71.092572, 14
710, 42.358725, -71.092304, 9
710, 42.359962, -71.08974, 11
710, 42.360588, -71.087455, 4
715, 42.358757, -71.095694, 16
715, 42.359018, -71.094707, 12
715, 42.35993, -71.092572, 5
715, 42.358725, -71.092304, 18
715, 42.359962, -71.08974, 14
715, 42.360588, -71.087455, 18
720, 42.358757, -71.095694, 8
720, 42.359018, -71.094707, 16
720, 42.35993, -71.092572, 16
720, 42.358725, -71.092304, 10
720, 42.359962, -71.08974, 7
720, 42.360588, -71.087455, 15
725, 42.358757, -71.095694, 6
725, 42.359018, -71.094707, 13
725, 42.35993, -71.092572, 12
725, 42.358725, -71.092304, 19
725, 42.359962, -71.08974, 2
725, 42.360588, -71.087455, 14
730, 42.358757, -71.095694, 7
730, 42.359018, -71.094707, 9
730, 42.35993, -71.092572, 4
730, 42.358725, -71.092304, 19
730, 42.359962, -71.08974, 14
730, 42.360588, -71.087455, 17
735, 42.358757, -71.095694, 8
735, 42.359018, -71.094707, 2
735, 42.35993, -71.092572, 19
735, 42.358725, -71.092304, 12
735, 42.359962, -71.08974, 8
735, 42.360588, -71.087455, 16
740, 42.358757, -71.095694, 17
740, 42.359018, -71.094707, 16
740, 42.35993, -71.092572, 14
740, 42.358725, -71.092304, 18
740, 42.359962, -71.08974, 13
740, 42.360588, -71.087455, 14
745, 42.358757, -71.095694, 8
745, 42.359018, -71.094707, 19
745, 42.35993, -71.092572, 20
745, 42.358725, -71.092304, 11
745, 42.359962, -71.08974, 2
745, 42.360588, -71.087455, 6
750, 42.358757, -71.095694, 6
750, 42.359018, -71.094707, 3
750, 42.35993, -71.092572, 19
750, 42.358725, -71.092304, 16
750, 42.359962, -71.08974, 2
750, 42.360588, -71.087455, 13
755, 42.358757, -71.095694, 14
755, 42.359018, -71.094707, 4
755, 42.35993, -71.092572, 18
755, 42.358725, -71.092304, 7
755, 42.359962, -71.08974, 5
755, 42.360588, -71.087455, 2
760, 42.358757, -71.095694, 5
760, 42.359018, -71.094707, 3
760, 42.35993, -71.092572, 3
760, 42.358725, -71.092304, 5
760, 42.359962, -71.08974, 7
760, 42.360588, -71.087455, 12
765, 42.358757, -71.095694, 17
765, 42.359018, -71.094707, 9
765, 42.35993, -71.092572, 14
765, 42.358725, -71.092304, 19
765, 42.359962, -71.08974, 12
765, 42.360588, -71.087455, 10
770, 42.358757, -71.095694, 19
770, 42.359018, -71.094707, 16
770, 42.35993, -71.092572, 15
770, 42.358725, -71.092304, 1
770, 42.359962, -71.08974, 20
770, 42.360588, -71.087455, 9
775, 42.358757, -71.095694, 20
775, 42.359018, -71.094707, 8
775, 42.35993, -71.092572, 1
775, 42.358725, -71.092304, 10
775, 42.359962, -71.08974, 1
775, 42.360588, -71.087455, 15
780, 42.358757, -71.095694, 6
780, 42.359018, -71.094707, 5
780, 42.35993, -71.092572, 8
780, 42.358725, -71.092304, 19
780, 42.359962, -71.08974, 12
780, 42.360588, -71.087455, 16
785, 42.358757, -71.095694, 12
785, 42.359018, -71.094707, 18
785, 42.35993, -71.092572, 5
785, 42.358725, -71.092304, 2
785, 42.359962, -71.08974, 4
785, 42.360588, -71.087455, 2
790, 42.358757, -71.095694, 15
790, 42.359018, -71.094707, 1
790, 42.35993, -71.092572, 7
790, 42.358725, -71.092304, 15
790, 42.359962, -71.08974, 5
790, 42.360588, -71.087455, 7
795, 42.358757, -71.095694, 16
795, 42.359018, -71.094707, 18
795, 42.35993, -71.092572, 2
795, 42.358725, -71.092304, 8
795, 42.359962, -71.08974, 8
795, 42.360588, -71.087455, 4
800, 42.358757, -71.095694, 15
800, 42.359018, -71.094707, 20
800, 42.35993, -71.092572, 19
800, 42.358725, -71.092304, 11
800, 42.359962, -71.08974, 15
800, 42.360588, -71.087455, 16
805, 42.358757, -71.095694, 7
805, 42.359018, -71.094707, 11
805, 42.35993, -71.092572, 8
805, 42.358725, -71.092304, 5
805, 42.359962, -71.08974, 7
805, 42.360588, -71.087455, 17
810, 42.358757, -71.095694, 10
810, 42.359018, -71.094707, 4
810, 42.35993, -71.092572, 20
810, 42.358725, -71.092304, 2
810, 42.359962, -71.08974, 5
810, 42.360588, -71.087455, 9
815, 42.358757, -71.095694, 11
815, 42.359018, -71.094707, 14
815, 42.35993, -71.092572, 18
815, 42.358725, -71.092304, 13
815, 42.359962, -71.08974, 1
815, 42.360588, -71.087455, 3
820, 42.358757, -71.095694, 5
820, 42.359018, -71.094707, 16
820, 42.35993, -71.092572, 12
820, 42.358725, -71.092304, 1
820, 42.359962, -71.08974, 2
820, 42.360588, -71.087455, 1
825, 42.358757, -71.095694, 15
825, 42.359018, -71.094707, 12
825, 42.35993, -71.092572, 12
825, 42.358725, -71.092304, 4
825, 42.359962, -71.08974, 13
825, 42.360588, -71.087455, 12
830, 42.358757, -71.095694, 17
830, 42.359018, -71.094707, 3
830, 42.35993, -71.092572, 20
830, 42.358725, -71.092304, 14
830, 42.359962, -71.08974, 17
830, 42.360588, -71.087455, 3
835, 42.358757, -71.095694, 2
835, 42.359018, -71.094707, 5
835, 42.35993, -71.092572, 3
835, 42.358725, -71.092304, 11
835, 42.359962, -71.08974, 8
835, 42.360588, -71.087455, 6
840, 42.358757, -71.095694, 17
840, 42.359018, -71.094707, 1
840, 42.35993, -71.092572, 8
840, 42.358725, -71.092304, 6
840, 42.359962, -71.08974, 12
840, 42.360588, -71.087455, 17
845, 42.358757, -71.095694, 2
845, 42.359018, -71.094707, 5
845, 42.35993, -71.092572, 13
845, 42.358725, -71.092304, 10
845, 42.359962, -71.08974, 2
845, 42.360588, -71.087455, 14
850, 42.358757, -71.095694, 8
850, 42.359018, -71.094707, 3
850, 42.35993, -71.092572, 20
850, 42.358725, -71.092304, 16
850, 42.359962, -71.08974, 20
850, 42.360588, -71.087455, 13
855, 42.358757, -71.095694, 12
855, 42.359018, -71.094707, 17
855, 42.35993, -71.092572, 11
855, 42.358725, -71.092304, 10
855, 42.359962, -71.08974, 15
855, 42.360588, -71.087455, 12
860, 42.358757, -71.095694, 5
860, 42.359018, -71.094707, 1
860, 42.35993, -71.092572, 2
860, 42.358725, -71.092304, 8
860, 42.359962, -71.08974, 10
860, 42.360588, -71.087455, 17
865, 42.358757, -71.095694, 11
865, 42.359018, -71.094707, 12
865, 42.35993, -71.092572, 10
865, 42.358725, -71.092304, 1
865, 42.359962, -71.08974, 19
865, 42.360588, -71.087455, 17
870, 42.358757, -71.095694, 17
870, 42.359018, -71.094707, 3
870, 42.35993, -71.092572, 14
870, 42.358725, -71.092304, 4
870, 42.359962, -71.08974, 6
870, 42.360588, -71.087455, 12
875, 42.358757, -71.095694, 7
875, 42.359018, -71.094707, 2
875, 42.35993, -71.092572, 9
875, 42.358725, -71.092304, 13
875, 42.359962, -71.08974, 2
875, 42.360588, -71.087455, 19
880, 42.358757, -71.095694, 16
880, 42.359018, -71.094707, 12
880, 42.35993, -71.092572, 5
880, 42.358725, -71.092304, 18
880, 42.359962, -71.08974, 6
880, 42.360588, -71.087455, 8
885, 42.358757, -71.095694, 15
885, 42.359018, -71.094707, 14
885, 42.35993, -71.092572, 5
885, 42.358725, -71.092304, 9
885, 42.359962, -71.08974, 14
885, 42.360588, -71.087455, 5
890, 42.358757, -71.095694, 16
890, 42.359018, -71.094707, 8
890, 42.35993, -71.092572, 16
890, 42.358725, -71.092304, 18
890, 42.359962, -71.08974, 14
890, 42.360588, -71.087455, 9
895, 42.358757, -71.095694, 19
895, 42.359018, -71.094707, 10
895, 42.35993, -71.092572, 10
895, 42.358725, -71.092304, 15
895, 42.359962, -71.08974, 20
895, 42.360588, -71.087455, 6
900, 42.358757, -71.095694, 12
900, 42.359018, -71.094707, 9
900, 42.35993, -71.092572, 6
900, 42.358725, -71.092304, 17
900, 42.359962, -71.08974, 9
900, 42.360588, -71.087455, 16
905, 42.358757, -71.095694, 5
905, 42.359018, -71.094707, 4
905, 42.35993, -71.092572, 20
905, 42.358725, -71.092304, 2
905, 42.359962, -71.08974, 5
905, 42.360588, -71.087455, 3
910, 42.358757, -71.095694, 15
910, 42.359018, -71.094707, 16
910, 42.35993, -71.092572, 18
910, 42.358725, -71.092304, 6
910, 42.359962, -71.08974, 8
910, 42.360588, -71.087455, 14
915, 42.358757, -71.095694, 8
915, 42.359018, -71.094707, 11
915, 42.35993, -71.092572, 5
915, 42.358725, -71.092304, 13
915, 42.359962, -71.08974, 20
915, 42.360588, -71.087455, 13
920, 42.358757, -71.095694, 13
920, 42.359018, -71.094707, 4
920, 42.35993, -71.092572, 1
920, 42.358725, -71.092304, 8
920, 42.359962, -71.08974, 5
920, 42.360588, -71.087455, 4
925, 42.358757, -71.095694, 12
925, 42.359018, -71.094707, 9
925, 42.35993, -71.092572, 8
925, 42.358725, -71.092304, 16
925, 42.359962, -71.08974, 11
925, 42.360588, -71.087455, 13
930, 42.358757, -71.095694, 12
930, 42.359018, -71.094707, 9
930, 42.35993, -71.092572, 20
930, 42.358725, -71.092304, 17
930, 42.359962, -71.08974, 2
930, 42.360588, -71.087455, 12
935, 42.358757, -71.095694, 8
935, 42.359018, -71.094707, 2
935, 42.35993, -71.092572, 14
935, 42.358725, -71.092304, 14
935, 42.359962, -71.08974, 17
935, 42.360588, -71.087455, 11
940, 42.358757, -71.095694, 4
940, 42.359018, -71.094707, 10
940, 42.35993, -71.092572, 5
940, 42.358725, -71.092304, 6
940, 42.359962, -71.08974, 11
940, 42.360588, -71.087455, 13
945, 42.358757, -71.095694, 10
945, 42.359018, -71.094707, 13
945, 42.35993, -71.092572, 15
945, 42.358725, -71.092304, 1
945, 42.359962, -71.08974, 15
945, 42.360588, -71.087455, 6
950, 42.358757, -71.095694, 4
950, 42.359018, -71.094707, 13
950, 42.35993, -71.092572, 4
950, 42.358725, -71.092304, 9
950, 42.359962, -71.08974, 13
950, 42.360588, -71.087455, 19
955, 42.358757, -71.095694, 16
955, 42.359018, -71.094707, 7
955, 42.35993, -71.092572, 3
955, 42.358725, -71.092304, 15
955, 42.359962, -71.08974, 5
955, 42.360588, -71.087455, 5
960, 42.358757, -71.095694, 14
960, 42.359018, -71.094707, 4
960, 42.35993, -71.092572, 15
960, 42.358725, -71.092304, 13
960, 42.359962, -71.08974, 11
960, 42.360588, -71.087455, 6
965, 42.358757, -71.095694, 19
965, 42.359018, -71.094707, 9
965, 42.35993, -71.092572, 11
965, 42.358725, -71.092304, 7
965, 42.359962, -71.08974, 15
965, 42.360588, -71.087455, 7
970, 42.358757, -71.095694, 9
970, 42.359018, -71.094707, 1
970, 42.35993, -71.092572, 4
970, 42.358725, -71.092304, 13
970, 42.359962, -71.08974, 3
970, 42.360588, -71.087455, 8
975, 42.358757, -71.095694, 11
975, 42.359018, -71.094707, 1
975, 42.35993, -71.092572, 6
975, 42.358725, -71.092304, 7
975, 42.359962, -71.08974, 20
975, 42.360588, -71.087455, 8
980, 42.358757, -71.095694, 13
980, 42.359018, -71.094707, 12
980, 42.35993, -71.092572, 1
980, 42.358725, -71.092304, 20
980, 42.359962, -71.08974, 5
980, 42.360588, -71.087455, 2
985, 42.358757, -71.095694, 3
985, 42.359018, -71.094707, 13
985, 42.35993, -71.092572, 13
985, 42.358725, -71.092304, 8
985, 42.359962, -71.08974, 17
985, 42.360588, -71.087455, 11
990, 42.358757, -71.095694, 2
990, 42.359018, -71.094707, 4
990, 42.35993, -71.092572, 18
990, 42.358725, -71.092304, 9
990, 42.359962, -71.08974, 15
990, 42.360588, -71.087455, 9
995, 42.358757, -71.095694, 15
995, 42.359018, -71.094707, 3
995, 42.35993, -71.092572, 11
995, 42.358725, -71.092304, 16
995, 42.359962, -71.08974, 7
995, 42.360588, -71.087455, 11
1000, 42.358757, -71.095694, 9
1000, 42.359018, -71.094707, 20
1000, 42.35993, -71.092572, 8
1000, 42.358725, -71.092304, 15
1000, 42.359962, -71.08974, 16
1000, 42.360588, -71.087455, 8
1005, 42.358757, -71.095694, 11
1005, 42.359018, -71.094707, 9
1005, 42.35993, -71.092572, 14
1005, 42.358725, -71.092304, 15
1005, 42.359962, -71.08974, 5
1005, 42.360588, -71.087455, 3
1010, 42.358757, -71.095694, 1
1010, 42.359018, -71.094707, 18
1010, 42.35993, -71.092572, 9
1010, 42.358725, -71.092304, 5
1010, 42.359962, -71.08974, 8
1010, 42.360588, -71.087455, 8
1015, 42.358757, -71.095694, 17
1015, 42.359018, -71.094707, 20
1015, 42.35993, -71.092572, 15
1015, 42.358725, -71.092304, 2
1015, 42.359962, -71.08974, 15
1015, 42.360588, -71.087455, 5
1020, 42.358757, -71.095694, 5
1020, 42.359018, -71.094707, 15
1020, 42.35993, -71.092572, 10
1020, 42.358725, -71.092304, 14
1020, 42.359962, -71.08974, 8
1020, 42.360588, -71.087455, 16
1025, 42.358757, -71.095694, 3
1025, 42.359018, -71.094707, 16
1025, 42.35993, -71.092572, 11
1025, 42.358725, -71.092304, 14
1025, 42.359962, -71.08974, 5
1025, 42.360588, -71.087455, 12
1030, 42.358757, -71.095694, 13
1030, 42.359018, -71.094707, 14
1030, 42.35993, -71.092572, 17
1030, 42.358725, -71.092304, 10
1030, 42.359962, -71.08974, 15
1030, 42.360588, -71.087455, 1
1035, 42.358757, -71.095694, 7
1035, 42.359018, -71.094707, 14
1035, 42.35993, -71.092572, 18
1035, 42.358725, -71.092304, 6
1035, 42.359962, -71.08974, 5
1035, 42.360588, -71.087455, 17
1040, 42.358757, -71.095694, 18
1040, 42.359018, -71.094707, 14
1040, 42.35993, -71.092572, 20
1040, 42.358725, -71.092304, 13
1040, 42.359962, -71.08974, 17
1040, 42.360588, -71.087455, 7
1045, 42.358757, -71.095694, 8
1045, 42.359018, -71.094707, 20
1045, 42.35993, -71.092572, 15
1045, 42.358725, -71.092304, 15
1045, 42.359962, -71.08974, 18
1045, 42.360588, -71.087455, 11
1050, 42.358757, -71.095694, 10
1050, 42.359018, -71.094707, 1
1050, 42.35993, -71.092572, 7
1050, 42.358725, -71.092304, 9
1050, 42.359962, -71.08974, 15
1050, 42.360588, -71.087455, 3
1055, 42.358757, -71.095694, 12
1055, 42.359018, -71.094707, 16
1055, 42.35993, -71.092572, 11
1055, 42.358725, -71.092304, 5
1055, 42.359962, -71.08974, 9
1055, 42.360588, -71.087455, 10
1060, 42.358757, -71.095694, 14
1060, 42.359018, -71.094707, 14
1060, 42.35993, -71.092572, 5
1060, 42.358725, -71.092304, 19
1060, 42.359962, -71.08974, 14
1060, 42.360588, -71.087455, 10
1065, 42.358757, -71.095694, 12
1065, 42.359018, -71.094707, 10
1065, 42.35993, -71.092572, 19
1065, 42.358725, -71.092304, 5
1065, 42.359962, -71.08974, 18
1065, 42.360588, -71.087455, 11
1070, 42.358757, -71.095694, 14
1070, 42.359018, -71.094707, 5
1070, 42.35993, -71.092572, 9
1070, 42.358725, -71.092304, 16
1070, 42.359962, -71.08974, 11
1070, 42.360588, -71.087455, 19
1075, 42.358757, -71.095694, 6
1075, 42.359018, -71.094707, 18
1075, 42.35993, -71.092572, 12
1075, 42.358725, -71.092304, 11
1075, 42.359962, -71.08974, 16
1075, 42.360588, -71.087455, 19
1080, 42.358757, -71.095694, 12
1080, 42.359018, -71.094707, 3
1080, 42.35993, -71.092572, 3
1080, 42.358725, -71.092304, 16
1080, 42.359962, -71.08974, 17
1080, 42.360588, -71.087455, 7
1085, 42.358757, -71.095694, 20
1085, 42.359018, -71.094707, 5
1085, 42.35993, -71.092572, 3
1085, 42.358725, -71.092304, 14
1085, 42.359962, -71.08974, 19
1085, 42.360588, -71.087455, 12
1090, 42.358757, -71.095694, 4
1090, 42.359018, -71.094707, 13
1090, 42.35993, -71.092572, 11
1090, 42.358725, -71.092304, 14
1090, 42.359962, -71.08974, 16
1090, 42.360588, -71.087455, 15
1095, 42.358757, -71.095694, 14
1095, 42.359018, -71.094707, 11
1095, 42.35993, -71.092572, 4
1095, 42.358725, -71.092304, 19
1095, 42.359962, -71.08974, 11
1095, 42.360588, -71.087455, 19
1100, 42.358757, -71.095694, 3
1100, 42.359018, -71.094707, 4
1100, 42.35993, -71.092572, 13
1100, 42.358725, -71.092304, 9
1100, 42.359962, -71.08974, 16
1100, 42.360588, -71.087455, 10
1105, 42.358757, -71.095694, 1
1105, 42.359018, -71.094707, 15
1105, 42.35993, -71.092572, 1
1105, 42.358725, -71.092304, 13
1105, 42.359962, -71.08974, 8
1105, 42.360588, -71.087455, 1
1110, 42.358757, -71.095694, 11
1110, 42.359018, -71.094707, 13
1110, 42.35993, -71.092572, 7
1110, 42.358725, -71.092304, 18
1110, 42.359962, -71.08974, 9
1110, 42.360588, -71.087455, 8
1115, 42.358757, -71.095694, 15
1115, 42.359018, -71.094707, 7
1115, 42.35993, -71.092572, 14
1115, 42.358725, -71.092304, 2
1115, 42.359962, -71.08974, 15
1115, 42.360588, -71.087455, 5
1120, 42.358757, -71.095694, 11
1120, 42.359018, -71.094707, 16
1120, 42.35993, -71.092572, 9
1120, 42.358725, -71.092304, 4
1120, 42.359962, -71.08974, 18
1120, 42.360588, -71.087455, 4
1125, 42.358757, -71.095694, 16
1125, 42.359018, -71.094707, 14
1125, 42.35993, -71.092572, 15
1125, 42.358725, -71.092304, 4
1125, 42.359962, -71.08974, 15
1125, 42.360588, -71.087455, 20
1130, 42.358757, -71.095694, 18
1130, 42.359018, -71.094707, 6
1130, 42.35993, -71.092572, 13
1130, 42.358725, -71.092304, 18
1130, 42.359962, -71.08974, 12
1130, 42.360588, -71.087455, 7
1135, 42.358757, -71.095694, 13
1135, 42.359018, -71.094707, 5
1135, 42.35993, -71.092572, 11
1135, 42.358725, -71.092304, 9
1135, 42.359962, -71.08974, 14
1135, 42.360588, -71.087455, 1
1140, 42.358757, -71.095694, 10
1140, 42.359018, -71.094707, 8
1140, 42.35993, -71.092572, 13
1140, 42.358725, -71.092304, 17
1140, 42.359962, -71.08974, 11
1140, 42.360588, -71.087455, 14
1145, 42.358757, -71.095694, 6
1145, 42.359018, -71.094707, 12
1145, 42.35993, -71.092572, 2
1145, 42.358725, -71.092304, 19
1145, 42.359962, -71.08974, 14
1145, 42.360588, -71.087455, 2
1150, 42.358757, -71.095694, 17
1150, 42.359018, -71.094707, 6
1150, 42.35993, -71.092572, 5
1150, 42.358725, -71.092304, 17
1150, 42.359962, -71.08974, 19
1150, 42.360588, -71.087455, 1
1155, 42.358757, -71.095694, 2
1155, 42.359018, -71.094707, 4
1155, 42.35993, -71.092572, 12
1155, 42.358725, -71.092304, 18
1155, 42.359962, -71.08974, 18
1155, 42.360588, -71.087455, 13
1160, 42.358757, -71.095694, 12
1160, 42.359018, -71.094707, 20
1160, 42.35993, -71.092572, 11
1160, 42.358725, -71.092304, 6
1160, 42.359962, -71.08974, 8
1160, 42.360588, -71.087455, 6
1165, 42.358757, -71.095694, 4
1165, 42.359018, -71.094707, 19
1165, 42.35993, -71.092572, 11
1165, 42.358725, -71.092304, 20
1165, 42.359962, -71.08974, 11
1165, 42.360588, -71.087455, 16
1170, 42.358757, -71.095694, 11
1170, 42.359018, -71.094707, 2
1170, 42.35993, -71.092572, 11
1170, 42.358725, -71.092304, 14
1170, 42.359962, -71.08974, 8
1170, 42.360588, -71.087455, 10
1175, 42.358757, -71.095694, 3
1175, 42.359018, -71.094707, 9
1175, 42.35993, -71.092572, 12
1175, 42.358725, -71.092304, 6
1175, 42.359962, -71.08974, 16
1175, 42.360588, -71.087455, 17
1180, 42.358757, -71.095694, 19
1180, 42.359018, -71.094707, 17
1180, 42.35993, -71.092572, 6
1180, 42.358725, -71.092304, 15
1180, 42.359962, -71.08974, 9
1180, 42.360588, -71.087455, 19
1185, 42.358757, -71.095694, 19
1185, 42.359018, -71.094707, 3
1185, 42.35993, -71.092572, 5
1185, 42.358725, -71.092304, 3
1185, 42.359962, -71.08974, 1
1185, 42.360588, -71.087455, 12
1190, 42.358757, -71.095694, 1
1190, 42.359018, -71.094707, 14
1190, 42.35993, -71.092572, 18
1190, 42.358725, -71.092304, 11
1190, 42.359962, -71.08974, 6
1190, 42.360588, -71.087455, 3
1195, 42.358757, -71.095694, 9
1195, 42.359018, -71.094707, 16
1195, 42.35993, -71.092572, 19
1195, 42.358725, -71.092304, 1
1195, 42.359962, -71.08974, 4
1195, 42.360588, -71.087455, 3
1200, 42.358757, -71.095694, 11
1200, 42.359018, -71.094707, 10
1200, 42.35993, -71.092572, 10
1200, 42.358725, -71.092304, 4
1200, 42.359962, -71.08974, 7
1200, 42.360588, -71.087455, 6
1205, 42.358757, -71.095694, 1
1205, 42.359018, -71.094707, 1
1205, 42.35993, -71.092572, 19
1205, 42.358725, -71.092304, 19
1205, 42.359962, -71.08974, 3
1205, 42.360588, -71.087455, 11
1210, 42.358757, -71.095694, 5
1210, 42.359018, -71.094707, 14
1210, 42.35993, -71.092572, 11
1210, 42.358725, -71.092304, 13
1210, 42.359962, -71.08974, 11
1210, 42.360588, -71.087455, 16
1215, 42.358757, -71.095694, 13
1215, 42.359018, -71.094707, 12
1215, 42.35993, -71.092572, 12
1215, 42.358725, -71.092304, 13
1215, 42.359962, -71.08974, 7
1215, 42.360588, -71.087455, 18
1220, 42.358757, -71.095694, 1
1220, 42.359018, -71.094707, 1
1220, 42.35993, -71.092572, 15
1220, 42.358725, -71.092304, 3
1220, 42.359962, -71.08974, 17
1220, 42.360588, -71.087455, 9
1225, 42.358757, -71.095694, 12
1225, 42.359018, -71.094707, 8
1225, 42.35993, -71.092572, 10
1225, 42.358725, -71.092304, 2
1225, 42.359962, -71.08974, 14
1225, 42.360588, -71.087455, 12
1230, 42.358757, -71.095694, 1
1230, 42.359018, -71.094707, 3
1230, 42.35993, -71.092572, 15
1230, 42.358725, -71.092304, 10
1230, 42.359962, -71.08974, 14
1230, 42.360588, -71.087455, 3
1235, 42.358757, -71.095694, 13
1235, 42.359018, -71.094707, 9
1235, 42.35993, -71.092572, 16
1235, 42.358725, -71.092304, 11
1235, 42.359962, -71.08974, 2
1235, 42.360588, -71.087455, 18
1240, 42.358757, -71.095694, 10
1240, 42.359018, -71.094707, 10
1240, 42.35993, -71.092572, 7
1240, 42.358725, -71.092304, 8
1240, 42.359962, -71.08974, 19
1240, 42.360588, -71.087455, 17
1245, 42.358757, -71.095694, 2
1245, 42.359018, -71.094707, 12
1245, 42.35993, -71.092572, 16
1245, 42.358725, -71.092304, 17
1245, 42.359962, -71.08974, 16
1245, 42.360588, -71.087455, 12
1250, 42.358757, -71.095694, 15
1250, 42.359018, -71.094707, 20
1250, 42.35993, -71.092572, 20
1250, 42.358725, -71.092304, 14
1250, 42.359962, -71.08974, 7
1250, 42.360588, -71.087455, 5
1255, 42.358757, -71.095694, 3
1255, 42.359018, -71.094707, 8
1255, 42.35993, -71.092572, 2
1255, 42.358725, -71.092304, 5
1255, 42.359962, -71.08974, 1
1255, 42.360588, -71.087455, 3
1260, 42.358757, -71.095694, 1
1260, 42.359018, -71.094707, 16
1260, 42.35993, -71.092572, 7
1260, 42.358725, -71.092304, 6
1260, 42.359962, -71.08974, 10
1260, 42.360588, -71.087455, 14
1265, 42.358757, -71.095694, 18
1265, 42.359018, -71.094707, 18
1265, 42.35993, -71.092572, 2
1265, 42.358725, -71.092304, 9
1265, 42.359962, -71.08974, 17
1265, 42.360588, -71.087455, 3
1270, 42.358757, -71.095694, 2
1270, 42.359018, -71.094707, 12
1270, 42.35993, -71.092572, 18
1270, 42.358725, -71.092304, 1
1270, 42.359962, -71.08974, 14
1270, 42.360588, -71.087455, 18
1275, 42.358757, -71.095694, 2
1275, 42.359018, -71.094707, 8
1275, 42.35993, -71.092572, 6
1275, 42.358725, -71.092304, 5
1275, 42.359962, -71.08974, 6
1275, 42.360588, -71.087455, 13
1280, 42.358757, -71.095694, 5
1280, 42.359018, -71.094707, 14
1280, 42.35993, -71.092572, 13
1280, 42.358725, -71.092304, 9
1280, 42.359962, -71.08974, 10
1280, 42.360588, -71.087455, 13
1285, 42.358757, -71.095694, 5
1285, 42.359018, -71.094707, 16
1285, 42.35993, -71.092572, 10
1285, 42.358725, -71.092304, 1
1285, 42.359962, -71.08974, 7
1285, 42.360588, -71.087455, 3
1290, 42.358757, -71.095694, 12
1290, 42.359018, -71.094707, 16
1290, 42.35993, -71.092572, 3
1290, 42.358725, -71.092304, 17
1290, 42.359962, -71.08974, 2
1290, 42.360588, -71.087455, 10
1295, 42.358757, -71.095694, 3
1295, 42.359018, -71.094707, 10
1295, 42.35993, -71.092572, 19
1295, 42.358725, -71.092304, 18
1295, 42.359962, -71.08974, 5
1295, 42.360588, -71.087455, 6
1300, 42.358757, -71.095694, 7
1300, 42.359018, -71.094707, 16
1300, 42.35993, -71.092572, 5
1300, 42.358725, -71.092304, 14
1300, 42.359962, -71.08974, 18
1300, 42.360588, -71.087455, 9
1305, 42.358757, -71.095694, 18
1305, 42.359018, -71.094707, 11
1305, 42.35993, -71.092572, 8
1305, 42.358725, -71.092304, 13
1305, 42.359962, -71.08974, 1
1305, 42.360588, -71.087455, 4
1310, 42.358757, -71.095694, 1
1310, 42.359018, -71.094707, 3
1310, 42.35993, -71.092572, 14
1310, 42.358725, -71.092304, 16
1310, 42.359962, -71.08974, 8
1310, 42.360588, -71.087455, 11
1315, 42.358757, -71.095694, 16
1315, 42.359018, -71.094707, 14
1315, 42.35993, -71.092572, 7
1315, 42.358725, -71.092304, 11
1315, 42.359962, -71.08974, 1
1315, 42.360588, -71.087455, 10
1320, 42.358757, -71.095694, 18
1320, 42.359018, -71.094707, 16
1320, 42.35993, -71.092572, 18
1320, 42.358725, -71.092304, 20
1320, 42.359962, -71.08974, 11
1320, 42.360588, -71.087455, 5
1325, 42.358757, -71.095694, 11
1325, 42.359018, -71.094707, 20
1325, 42.35993, -71.092572, 11
1325, 42.358725, -71.092304, 7
1325, 42.359962, -71.08974, 2
1325, 42.360588, -71.087455, 18
1330, 42.358757, -71.095694, 7
1330, 42.359018, -71.094707, 10
1330, 42.35993, -71.092572, 4
1330, 42.358725, -71.092304, 17
1330, 42.359962, -71.08974, 3
1330, 42.360588, -71.087455, 12
1335, 42.358757, -71.095694, 4
1335, 42.359018, -71.094707, 16
1335, 42.35993, -71.092572, 19
1335, 42.358725, -71.092304, 5
1335, 42.359962, -71.08974, 2
1335, 42.360588, -71.087455, 6
1340, 42.358757, -71.095694, 6
1340, 42.359018, -71.094707, 1
1340, 42.35993, -71.092572, 3
1340, 42.358725, -71.092304, 9
1340, 42.359962, -71.08974, 10
1340, 42.360588, -71.087455, 13
1345, 42.358757, -71.095694, 14
1345, 42.359018, -71.094707, 10
1345, 42.35993, -71.092572, 15
1345, 42.358725, -71.092304, 15
1345, 42.359962, -71.08974, 6
1345, 42.360588, -71.087455, 3
1350, 42.358757, -71.095694, 10
1350, 42.359018, -71.094707, 19
1350, 42.35993, -71.092572, 19
1350, 42.358725, -71.092304, 11
1350, 42.359962, -71.08974, 20
1350, 42.360588, -71.087455, 11
1355, 42.358757, -71.095694, 9
1355, 42.359018, -71.094707, 11
1355, 42.35993, -71.092572, 7
1355, 42.358725, -71.092304, 15
1355, 42.359962, -71.08974, 19
1355, 42.360588, -71.087455, 9
1360, 42.358757, -71.095694, 5
1360, 42.359018, -71.094707, 10
1360, 42.35993, -71.092572, 9
1360, 42.358725, -71.092304, 9
1360, 42.359962, -71.08974, 7
1360, 42.360588, -71.087455, 8
1365, 42.358757, -71.095694, 13
1365, 42.359018, -71.094707, 6
1365, 42.35993, -71.092572, 1
1365, 42.358725, -71.092304, 18
1365, 42.359962, -71.08974, 13
1365, 42.360588, -71.087455, 11
1370, 42.358757, -71.095694, 13
1370, 42.359018, -71.094707, 20
1370, 42.35993, -71.092572, 2
1370, 42.358725, -71.092304, 8
1370, 42.359962, -71.08974, 18
1370, 42.360588, -71.087455, 1
1375, 42.358757, -71.095694, 9
1375, 42.359018, -71.094707, 8
1375, 42.35993, -71.092572, 20
1375, 42.358725, -71.092304, 4
1375, 42.359962, -71.08974, 18
1375, 42.360588, -71.087455, 14
1380, 42.358757, -71.095694, 19
1380, 42.359018, -71.094707, 17
1380, 42.35993, -71.092572, 17
1380, 42.358725, -71.092304, 6
1380, 42.359962, -71.08974, 14
1380, 42.360588, -71.087455, 7
1385, 42.358757, -71.095694, 3
1385, 42.359018, -71.094707, 19
1385, 42.35993, -71.092572, 2
1385, 42.358725, -71.092304, 6
1385, 42.359962, -71.08974, 6
1385, 42.360588, -71.087455, 8
1390, 42.358757, -71.095694, 9
1390, 42.359018, -71.094707, 6
1390, 42.35993, -71.092572, 16
1390, 42.358725, -71.092304, 3
1390, 42.359962, -71.08974, 4
1390, 42.360588, -71.087455, 18
1395, 42.358757, -71.095694, 16
1395, 42.359018, -71.094707, 6
1395, 42.35993, -71.092572, 11
1395, 42.358725, -71.092304, 16
1395, 42.359962, -71.08974, 15
1395, 42.360588, -71.087455, 3
1400, 42.358757, -71.095694, 5
1400, 42.359018, -71.094707, 15
1400, 42.35993, -71.092572, 8
1400, 42.358725, -71.092304, 10
1400, 42.359962, -71.08974, 8
1400, 42.360588, -71.087455, 2
1405, 42.358757, -71.095694, 2
1405, 42.359018, -71.094707, 12
1405, 42.35993, -71.092572, 11
1405, 42.358725, -71.092304, 3
1405, 42.359962, -71.08974, 5
1405, 42.360588, -71.087455, 9
1410, 42.358757, -71.095694, 11
1410, 42.359018, -71.094707, 16
1410, 42.35993, -71.092572, 6
1410, 42.358725, -71.092304, 11
1410, 42.359962, -71.08974, 10
1410, 42.360588, -71.087455, 17
1415, 42.358757, -71.095694, 6
1415, 42.359018, -71.094707, 6
1415, 42.35993, -71.092572, 6
1415, 42.358725, -71.092304, 5
1415, 42.359962, -71.08974, 20
1415, 42.360588, -71.087455, 3
1420, 42.358757, -71.095694, 16
1420, 42.359018, -71.094707, 4
1420, 42.35993, -71.092572, 14
1420, 42.358725, -71.092304, 4
1420, 42.359962, -71.08974, 1
1420, 42.360588, -71.087455, 9
1425, 42.358757, -71.095694, 11
1425, 42.359018, -71.094707, 6
1425, 42.35993, -71.092572, 5
1425, 42.358725, -71.092304, 1
1425, 42.359962, -71.08974, 8
1425, 42.360588, -71.087455, 18
1430, 42.358757, -71.095694, 3
1430, 42.359018, -71.094707, 12
1430, 42.35993, -71.092572, 8
1430, 42.358725, -71.092304, 11
1430, 42.359962, -71.08974, 17
1430, 42.360588, -71.087455, 16
1435, 42.358757, -71.095694, 12
1435, 42.359018, -71.094707, 12
1435, 42.35993, -71.092572, 14
1435, 42.358725, -71.092304, 10
1435, 42.359962, -71.08974, 3
1435, 42.360588, -71.087455, 3
